<?xml version="1.0" encoding="UTF-8"?>
<configuration>

	<include resource="org/springframework/boot/logging/logback/defaults.xml" />

	<springProperty scope="context" name="servicename" source="spring.application.name" />
	<springProperty scope="context" name="serviceloglocation" source="service.log.location" defaultValue="${java.io.tmpdir}"/>
	<springProperty scope="context" name="serverport" source="server.port" defaultValue="8080"/>
	<springProperty scope="context" name="loggingconsoleenabled" source="logging.console.enabled" defaultValue="false"/>

	<appender name="consoleAppender" class="ch.qos.logback.core.ConsoleAppender">
		<layout class="ch.qos.logback.classic.PatternLayout">
			<Pattern>
				%d{yyy-MM-dd HH:mm:ss.SSS} [%t] [%X{x-qvc-coast-service-transaction}] %-5level %logger - %msg%n
			</Pattern>
		</layout>
	</appender>

	<appender name="fileAppender"
		class="ch.qos.logback.core.rolling.RollingFileAppender">
		<file>${serviceloglocation}/${servicename}.log</file>
		<encoder class="ch.qos.logback.classic.encoder.PatternLayoutEncoder">
			<Pattern>
				%d{yyy-MM-dd HH:mm:ss.SSS} [%t] [%X{x-qvc-coast-service-transaction}] %-5level %logger - %msg%n
			</Pattern>
		</encoder>

		<rollingPolicy class="ch.qos.logback.core.rolling.TimeBasedRollingPolicy">
			<!-- rollover daily -->
			<fileNamePattern>
				${serviceloglocation}/${servicename}.%d{yyyy-MM-dd}.log
			</fileNamePattern>
		</rollingPolicy>

	</appender>

	<root level="info">
		<appender-ref ref="consoleAppender" />
		<appender-ref ref="fileAppender" />
	</root>

</configuration>